"Iteration","CL","CD","CSF","CMx","CMy","CMz","CFx","CFy","CFz","CL/CD","AoA","Custom_ObjFunc","Res_Flow[0]","Res_Flow[1]","Res_Flow[2]","Res_Flow[3]","Res_Flow[4]","Linear_Solver_Iterations","CFL_Number","Time(min)"
           0, -4.57819258e-03, 6.28652686e-03, 1.91886202e-03, 1.37211202e-03, -1.52247896e-03, -2.95911936e-03, 6.28652686e-03, 1.91886202e-03, -4.57819258e-03, -7.28254676e-01, 0.00000000e+00, 0.00000000e+00, -3.75092091e+00, -3.71406907e+00, -1.43263521e+01, -1.43727650e+01, -3.13893435e+00, 4.0000000000, 50.0000000000, 0.0091591634
           1, -1.46695764e-03, 7.84681241e-03, 1.10255048e-04, -2.01577406e-03, -2.69534276e-03, -3.85367727e-03, 7.84681241e-03, 1.10255048e-04, -1.46695764e-03, -1.86949498e-01, 0.00000000e+00, 0.00000000e+00, -4.15956090e+00, -4.05563029e+00, -4.60889216e+00, -4.18006635e+00, -3.54942061e+00, 4.0000000000, 50.0000000000, 0.0181734042
           2, 8.54318640e-04, 8.10453462e-03, 2.94223288e-04, 5.28094560e-04, -2.22931096e-03, -4.02346840e-03, 8.10453462e-03, 2.94223288e-04, 8.54318640e-04, 1.05412424e-01, 0.00000000e+00, 0.00000000e+00, -4.21655178e+00, -4.08342618e+00, -4.73239135e+00, -4.24391329e+00, -3.61549172e+00, 4.0000000000, 50.0000000000, 0.0270662890
